"amenity","longitude","latitude"
"parking",2.1517511,41.3844672
"parking",2.15118037947532,41.3938390599039
"parking",2.15055370088155,41.3934638989856
"parking",2.19420423351004,41.461009716211
"parking",2.19407550914458,41.4609563593677
"parking",2.17566602707059,41.4621296469014
"parking",2.15453375740307,41.3973193517384
"parking",2.15496714124313,41.3968852963149
"parking",2.15479838939479,41.3970523203985
"parking",2.16508196957785,41.4261759980973
"parking",2.15579704584524,41.3954407047023
"parking",2.15681784890784,41.3956981460925
"parking",2.21306019180781,41.4241449748663
"parking",2.1343056,41.4074495
"parking",2.1303239,41.4093101
"parking",2.1815589,41.3878718
"parking",2.1451845,41.3964442
"parking",2.15178734339848,41.3961288489921
"parking",2.1520170093787,41.3959685322346
"parking",2.15228568906411,41.3957752080787
"parking",2.16585318607514,41.3557116733638
"parking",2.16273660802476,41.3508688125132
"parking",2.10336041007834,41.3433006476406
"parking",2.10273256811384,41.34653695309
"parking",2.13525353519872,41.3344276250142
"parking",2.13801088143879,41.3337475549137
"parking",2.13932925526243,41.3345643995828
"parking",2.13166951004313,41.3356825207567
"parking",2.1284409714131,41.3368122642133
"parking",2.16046127651865,41.4017424221058
"parking",2.15100337978947,41.4381463609374
"parking",2.15077684299415,41.438369471176
"parking",2.21927939770885,41.4319796832268
"parking",2.11257498302168,41.3448317045447
"parking",2.2257232,41.4140775
"parking",2.1528395,41.4253056
"parking",2.15167200495002,41.3947125395042
"parking",2.08904502390847,41.368552705666
"parking",2.12430957197297,41.4595013718078
"parking",2.1735981,41.3899146
"parking",2.14499373295245,41.4340558205827
"parking",2.14531984278939,41.4338792000316
"parking",2.15328094128289,41.3951167876308
"parking",2.15362603435362,41.3952026408606
"parking",2.15405996232294,41.3953106452459
"parking",2.08157806903665,41.368427925984
"parking",2.0875422947041,41.3686568947068
"parking",2.16796184549751,41.4116576768411
"parking",2.15526722415149,41.3961568553363
"parking",2.15539091742605,41.395956154947
"parking",2.14929614104735,41.4004977571542
"parking",2.13802662785819,41.4187846117619
"parking",2.13826038048859,41.4186109897569
"parking",2.15316856705587,41.3971964004661
"parking",2.15449048491237,41.3970828907615
"parking",2.0963635,41.3743279
"parking",2.15657537427182,41.3959472303009
"parking",2.1615283,41.3877869
"parking",2.15288170599018,41.4109348558524
"parking",2.16230155917768,41.3828354531349
"parking",2.15794031199551,41.3758136061387
"parking",2.15755660055058,41.3759363267955
"parking",2.17215879890806,41.4080126956303
"parking",2.18633669792726,41.3853476913923
"parking",2.18995679981879,41.3850792700891
"parking",2.11331217423349,41.3550454249025
"parking",2.1170294045508,41.3597146768959
"parking",2.11480983069353,41.3582058025467
"parking",2.11604257824873,41.3578951855434
"parking",2.11579877651386,41.3554075984189
"parking",2.11564600746176,41.3538828897212
"parking",2.11552740436672,41.352515363824
"parking",2.11588058653544,41.3621291982854
"parking",2.11474389177075,41.3552017382895
"parking",2.11476945385477,41.3548346316159
"parking",2.11428570336829,41.3510431808833
"parking",2.11425220313914,41.3509416762028
"parking",2.11779759035021,41.3558634316202
"parking",2.11732785072135,41.3558825696352
"parking",2.11716474555629,41.3541811859495
"parking",2.117631794607,41.354118573115
"parking",2.1137027274747,41.3596352334582
"parking",2.1145046327789,41.3545271783381
"parking",2.11401816178525,41.3519471216277
"parking",2.11174877169185,41.3535837695784
"parking",2.11141217540752,41.3539553979055
"parking",2.11071787063152,41.3544592308355
"parking",2.16372311262216,41.3837554851295
"parking",2.15642215998583,41.3770626932445
"parking",2.15709991761519,41.3764691036499
"parking",2.17536222078709,41.4055474454109
"parking",2.163677,41.3767258
"parking",2.14104340394258,41.4245721909171
"parking",2.2046355,41.3969731
"parking",2.18713504030823,41.3632022056922
"parking",2.18672719674043,41.3633238552822
"parking",2.18923014758008,41.3667153118719
"parking",2.18543287687737,41.3744813417562
"parking",2.17949814121341,41.3728820409095
"parking",2.18732756451539,41.3768091557487
"parking",2.1646121,41.4040356
"parking",2.1619444,41.4011381
"parking",2.1534601733814,41.3866500288074
"parking",2.12994188276694,41.4200868161749
"parking",2.15758129229367,41.395890464242
"parking",2.15867303515105,41.3961685028829
"parking",2.15406540575839,41.3975205273597
"parking",2.15382109605632,41.3975653172104
"parking",2.15702170647531,41.416052820367
"parking",2.1033985,41.3847403
"parking",2.1401158,41.3581333
"parking",2.14951465094192,41.3985464432969
"parking",2.14960069502624,41.3984740474364
"parking",2.1388485,41.3669286
"parking",2.1520692,41.3776374
"parking",2.166665,41.3878275
"parking",2.1714129,41.3921542
"parking",2.18067770839019,41.3611599539378
"parking",2.1735344,41.3937315
"parking",2.1729514,41.3925815
"parking",2.1784674,41.3967247
"parking",2.2052962,41.4178672
"parking",2.1018326,41.3852381
"parking",2.1755773,41.4238327
"parking",2.1752434,41.4233812
"parking",2.1756135,41.423883
"parking",2.1392347,41.4128214
"parking",2.1498522,41.4057263
"parking",2.15155619988058,41.3949634508921
"parking",2.15189583837549,41.3952603037553
"parking",2.1644354,41.3751823
"parking",2.1713863,41.3750686
"parking",2.1558136,41.3766235
"parking",2.1436349,41.3936172
"parking",2.15069505988333,41.4319469000049
"parking",2.1099832,41.3831508
"parking",2.1267436,41.3541882
"parking",2.1094957,41.3502424
"parking",2.1650161,41.3981796
"parking",2.14791436757613,41.3964927971656
"parking",2.1466228,41.3944286
"parking",2.13355694877473,41.4065655003958
"parking",2.19249383727804,41.4245096155323
"parking",2.22710690328485,41.4464953248299
"parking",2.17401195139771,41.4545540305917
"parking",2.16037933630732,41.3609844732828
"parking",2.1817222,41.3940199
"parking",2.1194802,41.3745223
"parking",2.20144261537482,41.4565165825577
"parking",2.1660588,41.3988028
"parking",2.16496370120124,41.3656811029372
"parking",2.09727915238707,41.3800550742435
"parking",2.09692217230577,41.3804640162313
"parking",2.1595599,41.398359
"parking",2.12485486889457,41.3789625874593
"parking",2.14629742316179,41.3679988014742
"parking",2.1607148,41.3895539
"parking",2.2075854,41.4155269
"parking",2.12343834753998,41.3643211692211
"parking",2.09612261248198,41.3743802896877
"parking",2.1433552,41.4280889
"parking",2.1294636,41.3871557
"parking",2.12545026246722,41.411796409886
"parking",2.12549202164016,41.4116111309218
"parking",2.11335064988731,41.4009672633575
"parking",2.08399648161113,41.36626066835
"parking",2.14606696503014,41.3405630945888
"parking",2.14121551921567,41.3353466329874
"parking",2.11394229787924,41.4306988004345
"parking",2.11760436508167,41.4277866660471
"parking",2.1796359,41.4070185
"parking",2.14720453400461,41.3782339915252
"parking",2.17266544467084,41.4333259063692
"parking",2.17372146862813,41.363785493219
"parking",2.12894164242708,41.4181399335686
"parking",2.10611727967934,41.4293671689395
"parking",2.20932592699104,41.4025795180296
"parking",2.1556609,41.3884355
"parking",2.21272808961039,41.4012268689473
"parking",2.09569185599155,41.3654759596021
"parking",2.1298897,41.4034507
"parking",2.1591344,41.4023275
"parking",2.1355046203755,41.3235165780725
"parking",2.14798937963831,41.3281627331255
"parking",2.14677527844338,41.3261621105259
"parking",2.14416548347149,41.332613397088
"parking",2.1667252,41.3961835
"parking",2.1263093,41.3789453
"parking",2.1792562,41.4007527
"parking",2.1803936,41.399873
"parking",2.1661214,41.4268835
"parking",2.1545463,41.3893085
"parking",2.16696046370033,41.4137530188606
"parking",2.16081455659281,41.4354514725828
"parking",2.1962915,41.3862448
"parking",2.1889855,41.3739717
"parking",2.1864834,41.3809731
"parking",2.1649367,41.4014814
"parking",2.17867413895307,41.4462499521026
"parking",2.14185207302419,41.4136885927987
"parking",2.11664976569801,41.4447253391519
"parking",2.13727361875076,41.4061629353409
"parking",2.13869968716136,41.4077943733496
"parking",2.12111519372884,41.3338568527716
"parking",2.11881479807877,41.3346567159706
"parking",2.11943544918872,41.3344441264434
"parking",2.16558405786951,41.4202500398955
"parking",2.14275035320912,41.4357664009414
"parking",2.11813793294289,41.420473529964
"parking",2.11486374912345,41.4177494828771
"parking",2.13649890713009,41.3191934718086
"parking",2.13154917384822,41.3232120839714
"parking",2.13283805156766,41.3245687251027
"parking",2.05582038122343,41.3648803494043
"parking",2.10227811940756,41.3770610272271
"parking",2.09268277100221,41.3779640712107
"parking",2.18191950853324,41.4283487473121
"parking",2.18140746423647,41.4468338322958
"parking",2.1773511,41.4050636
"parking",2.07593174874309,41.3913541873488
"parking",2.07420809070715,41.38895877671
"parking",2.10017075549139,41.3863553154069
"parking",2.09114031957131,41.4627606532384
"parking",2.09394335171694,41.4653292023199
"parking",2.10271400997534,41.320646275184
"parking",2.17915513868177,41.3762124601399
"parking",2.176000759923,41.3766293856448
"parking",2.18575309262116,41.3743694448256
"parking",2.18195605545539,41.3798393498559
"parking",2.17442896972629,41.3713220183058
"parking",2.17410279329126,41.3707306936374
"parking",2.12981372760573,41.3247517549735
"parking",2.13066546721547,41.3262257390915
"parking",2.13049071585297,41.3262015284428
"parking",2.11591944442339,41.3483955420992
"parking",2.11199704468018,41.3559234763611
"parking",2.14221949412964,41.4340357728323
"parking",2.16457410617358,41.4412912156148
"parking",2.1140839766029,41.3733232400428
"parking",2.0863512,41.3496566
"parking",2.0785079,41.3487296
"parking",2.0842483,41.3510217
"parking",2.0785293,41.3464986
"parking",2.0854124,41.3492942
"parking",2.09741093850574,41.3686764496724
"parking",2.07625530368816,41.4633694084484
"parking",2.09496106159324,41.4661953992244
"parking",2.18948341103535,41.4444930842848
"parking",2.06750687545653,41.4575190845306
"parking",2.06770455330477,41.4572541287227
"parking",2.06646160040844,41.4593194062872
"parking",2.10281600232972,41.3729157993219
"parking",2.10273706785518,41.3727903404227
"parking",2.10267158896724,41.3726910296362
"parking",2.10255879238841,41.3725182944112
"parking",2.10214035171584,41.3726158864507
"parking",2.10217342572757,41.3732821667074
"parking",2.10262842882248,41.3732618354679
"parking",2.06840008319844,41.4559065060982
"parking",2.14286094047791,41.3871752608267
"parking",2.2250274,41.4423235
"parking",2.14688907218362,41.3676612817008
"parking",2.1760099456039,41.3699857847089
"parking",2.11386079891238,41.3854187867503
"parking",2.11514765509279,41.3857064425935
"parking",2.09127910735786,41.4083630482399
"parking",2.1098584,41.3607055
"parking",2.14015107432279,41.3791581929338
"parking",2.1497168,41.3893929
"parking",2.12222399334914,41.385609141079
"parking",2.12129034782916,41.3857345968744
"parking",2.1756837,41.4054793
"parking",2.1519814,41.3887433
"parking",2.1722442,41.4029499
"parking",2.1565363,41.4014664
"parking",2.1423631,41.4128649
"parking",2.15955012766739,41.4188734117086
"parking",2.1236817,41.3912902
"parking",2.1214637,41.3893323
"parking",2.1316737,41.4481225
"parking",2.156488,41.4001916
"parking",2.1613216,41.3985868
"parking",2.1372359,41.3897616
"parking",2.1333928,41.3888969
"parking",2.0782595,41.4669241
"parking",2.1820121,41.3805997
"parking",2.1795536,41.3720048
"parking",2.16893788269149,41.4188253304778
"parking",2.22758232478515,41.4240013623918
"parking",2.10253519100794,41.3786218781867
"parking",2.1721978542176,41.4167945514868
"parking",2.1728030631466,41.4148953273948
"parking",2.1801756,41.4300951
"parking",2.06595328651185,41.3808474450669
"parking",2.07053430464526,41.3798051306962
"parking",2.07386669870798,41.3856677431206
"parking",2.1280052,41.4065261
"parking",2.1285635,41.3727529
"parking",2.1288827,41.3723676
"parking",2.1943502,41.3827599
"parking",2.1936714,41.3855087
"parking",2.0970621,41.3786913
"parking",2.14816061146658,41.3641641006508
"parking",2.15148966553437,41.4312924920917
"parking",2.05252826129926,41.3471669845725
"parking",2.07881775417287,41.3414429526402
"parking",2.2085963,41.4515212
"parking",2.2098363,41.4510108
"parking",2.07320145682004,41.3492022621916
"parking",2.1832308,41.4234162
"parking",2.09063660684077,41.4279391093682
"parking",2.09683147636477,41.4196360629604
"parking",2.08990633553955,41.428471096542
"parking",2.09039456326589,41.4284958734153
"parking",2.09124567389223,41.4277709909763
"parking",2.08813153948954,41.4284657935394
"parking",2.09212510837538,41.4275817752187
"parking",2.10886601141578,41.3768832789554
"parking",2.07181539802731,41.3730240960856
"parking",2.07420070526533,41.3739506038172
"parking",2.16992507746537,41.4428142567955
"parking",2.16953639113732,41.4436158678028
"parking",2.123031,41.4001952
"parking",2.1510512,41.3662928
"parking",2.0881036,41.3402182
"parking",2.18934323335262,41.4663831344931
"parking",2.05383915120205,41.3840036131344
"parking",2.0720764,41.3740392
"parking",2.1701503,41.442381
"parking",2.06963679497142,41.3687346933707
"parking",2.07114687685987,41.3693551854007
"parking",2.11014633562814,41.3477655906177
"parking",2.10999001932623,41.3480794862713
"parking",2.06291341391339,41.365997578547
"parking",2.06128536288159,41.3650105845738
"parking",2.06033152458811,41.3649367980405
"parking",2.06177897697993,41.364626886194
"parking",2.06694664174623,41.3707152452829
"parking",2.06944244777092,41.3749282089963
"parking",2.16201980234319,41.4411617507974
"parking",2.1766768,41.4046515
"parking",2.12979,41.397554
"parking",2.1662458,41.3804022
"parking",2.18621770605339,41.3849792194432
"parking",2.1723429,41.3766973
"parking",2.2050179,41.4018768
"parking",2.1439665,41.4257705
"parking",2.09014238549931,41.3561116768177
"parking",2.08856401767939,41.3574831150398
"parking",2.1040499063787,41.3801371923393
"parking",2.1457962,41.3884622
"parking",2.1489026,41.3896276
"parking",2.19270497561743,41.3925535490248
"parking",2.0646077,41.3553426
"parking",2.14442473415163,41.3498831168709
"parking",2.14174379033457,41.3494655250181
"parking",2.22175029656968,41.4268098637026
"parking",2.1977941,41.390115
"parking",2.10051433280374,41.3768564712751
"parking",2.12896495902291,41.4111262515972
"parking",2.142893,41.3950395
"parking",2.09333096370243,41.4341530909096
"parking",2.22060510500573,41.4276075805824
"parking",2.15397168454257,41.3632154879722
"parking",2.1543824247385,41.370789029948
"parking",2.14134009924722,41.3646734008125
"parking",2.20391709996372,41.3928001674566
"parking",2.13178786146286,41.3463772092164
"parking",2.15270509980591,41.4354174958717
"parking",2.1829284,41.4167695
"parking",2.1369084,41.3618133
"parking",2.2122584,41.4084179
"parking",2.14504468659611,41.3626612735655
"parking",2.20171543784153,41.3866320099645
"parking",2.17800358823887,41.4358151825935
"parking",2.19647495583562,41.4248118195917
"parking",2.22654386325283,41.4580059066685
"parking",2.05852084479208,41.3778204644343
"parking",2.10998970667027,41.4056176060362
"parking",2.18395504235722,41.3814717970101
"parking",2.1467634397565,41.4362144816968
"parking",2.1973586,41.386901
"parking",2.15777177113871,41.4166014882732
"parking",2.15013837428596,41.4388865183384
"parking",2.15046229362241,41.438652496049
"parking",2.17036578484678,41.4435208739752
"parking",2.16931911161689,41.44492155393
"parking",2.1703108657598,41.4440093439818
"parking",2.16793506685298,41.4452374892307
"parking",2.15628156380985,41.4401937650613
"parking",2.06520414172834,41.3563741527423
"parking",2.06823172670889,41.3510277753401
"parking",2.10707655434765,41.3762943160666
"parking",2.0795509,41.3650011
"parking",2.1479919,41.3861683
"parking",2.148725,41.3861094
"parking",2.1766837,41.4274512
"parking",2.2222091,41.4123185
"parking",2.219407,41.408401
"parking",2.10909998994712,41.3790367431505
"parking",2.10981010051633,41.3484573354071
"parking",2.11651367585075,41.4192506763364
"parking",2.16133188840757,41.3809134850341
"parking",2.16332235759828,41.3901354473327
"parking",2.1378258,41.3548144
"parking",2.1649795,41.3848874
"parking",2.1513548,41.37639
"parking",2.1763717,41.3850203
"parking",2.15968045446183,41.4265349942066
"parking",2.0664257,41.3570605
"parking",2.05858637532482,41.4164069322707
"parking",2.1511158,41.3887995
"parking",2.09316798065016,41.3187317036802
"parking",2.14354705365506,41.3644410555271
"parking",2.1582984,41.397226
"parking",2.08874489144318,41.3192160940829
"parking",2.15795095138308,41.4221855452748
"parking",2.16361295378732,41.4218095786113
"parking",2.15895323166115,41.416686152733
"parking",2.1161974321985,41.4020874863904
"parking",2.11572299782342,41.4018690781343
"parking",2.14359753590462,41.4349190661995
"parking",2.15785463097227,41.4209558128636
"parking",2.15869134769026,41.4214061920519
"parking",2.15788425760204,41.4203689451087
"parking",2.13831371190812,41.4287310154226
"parking",2.1392555204722,41.4232707457284
"parking",2.08097390089974,41.3589258079679
"parking",2.18420868237415,41.440015979246
"parking",2.1774800915499,41.4391264381781
"parking",2.20127317700986,41.4654478953028
"parking",2.15902860084418,41.4208501985292
"parking",2.1688347,41.4354832
"parking",2.1669462,41.4006727
"parking",2.1511841,41.3717774
"parking",2.11176490503843,41.4009049360918
"parking",2.2175909,41.4487977
"parking",2.14398741042229,41.4234297180768
"parking",2.10216135258502,41.378368049698
"parking",2.08771333339755,41.3296010188143
"parking",2.13903786442128,41.3584941517639
"parking",2.11833112603494,41.3676390393723
"parking",2.07792689634315,41.3750062938632
"parking",2.17231704872377,41.4140115500862
"parking",2.08713016912513,41.4047272423961
"parking",2.1429226187379,41.3676162657011
"parking",2.12212401964363,41.3658135603549
"parking",2.0746886,41.3696028
"parking",2.0889445,41.355348
"parking",2.13446887394245,41.4004069050013
"parking",2.13786015829894,41.4266179234277
"parking",2.0582457637788,41.4156112426356
"parking",2.06140069331666,41.4230314863799
"parking",2.10115762747176,41.4069934325202
"parking",2.10194908842833,41.3267956796059
"parking",2.10150734973053,41.3266849993936
"parking",2.10145375607179,41.3289322104443
"parking",2.10790239152169,41.3253563201533
"parking",2.10665576337888,41.3258112495185
"parking",2.10689390963751,41.3291111748702
"parking",2.1016021207472,41.3259363471712
"parking",2.10115904812885,41.3265578522625
"parking",2.10570036212706,41.3255461796067
"parking",2.09152474998252,41.3186292313852
"parking",2.09176868114636,41.3182078842093
"parking",2.09315645008019,41.3179341005089
"parking",2.08327892305989,41.3236635505924
"parking",2.08523997634744,41.324421976519
"parking",2.08181172174278,41.3174856683285
"parking",2.08333648216088,41.3187346191265
"parking",2.09023171861883,41.3190992755215
"parking",2.08731027571317,41.3192826118193
"parking",2.09496993848682,41.3279173826001
"parking",2.09282000478146,41.3313380792664
"parking",2.09396636393739,41.3303696442331
"parking",2.0814899361065,41.3284038505656
"parking",2.08135770661821,41.32860947563
"parking",2.08564216083155,41.3286646600864
"parking",2.08633897911247,41.3270033987394
"parking",2.08536796481322,41.3273826757473
"parking",2.08653318462197,41.3257460748664
"parking",2.08567757837084,41.3264383407394
"parking",2.07962650319216,41.3219042259876
"parking",2.08023110910702,41.3214908893257
"parking",2.07987076316469,41.3208677050043
"parking",2.08088057971232,41.3207075080043
"parking",2.08047606620533,41.322515639811
"parking",2.08105281909639,41.3219872859166
"parking",2.08071830715041,41.3218671511341
"parking",2.07648934313309,41.3204493174246
"parking",2.07735155864825,41.3215128515033
"parking",2.0759359917981,41.3225462152586
"parking",2.07666129800766,41.3234480724864
"parking",2.07761033893699,41.3234244943143
"parking",2.08824303986891,41.333927707123
"parking",2.08575492527539,41.3332885983832
"parking",2.07211220823627,41.3314829350779
"parking",2.07230789663032,41.3312443967381
"parking",2.07410887126033,41.3313194105088
"parking",2.07475612167834,41.3305039671924
"parking",2.07613944478019,41.3294216785841
"parking",2.07348436606064,41.328118475493
"parking",2.07186604085636,41.3299956756561
"parking",2.07126685958832,41.3297351795921
"parking",2.07157062145138,41.3304856749766
"parking",2.09610372102425,41.337131033619
"parking",2.1961547,41.3914029
"parking",2.1960758,41.391034
"parking",2.16322927686496,41.4178826046537
"parking",2.12423326679192,41.3844581532444
"parking",2.12485385057214,41.3835093835912
"parking",2.1633176,41.4053006
"parking",2.1680259,41.4009758
"parking",2.0999701,41.3241215
"parking",2.12949914235394,41.4005037723277
"parking",2.1567486,41.4071833
"parking",2.10855977006003,41.4207687322576
"parking",2.09375810373501,41.3314539477378
"parking",2.08297662685789,41.3636152561102
"parking",2.1890545,41.3799288
"parking",2.13418983535076,41.4473428680752
"parking",2.1460328,41.4031532
"parking",2.09682299022615,41.3242397529464
"parking",2.1937817,41.385353
"parking",2.0759365397304,41.3174284255754
"parking",2.07614702791572,41.3170098735156
"parking",2.0757080115779,41.3178525215387
"parking",2.07549257012177,41.3182822873089
"parking",2.07292876278333,41.3175571398314
"parking",2.07322054650169,41.3179575652326
"parking",2.07301310869986,41.317059363341
"parking",2.07162424444074,41.3170618345781
"parking",2.11391351025039,41.3895369580115
"parking",2.11138774857306,41.3247391324463
"parking",2.10960814950956,41.3252879396987
"parking",2.11028112495312,41.3256794998576
"parking",2.10965024317327,41.3248725859581
"parking",2.10928125099139,41.3249973328578
"parking",2.11679850081696,41.3574880540392
"parking",2.11522457156695,41.3548625653129
"parking",2.22441184107668,41.408849870765
"parking",2.22261910853682,41.4106900494775
"parking",2.1661465,41.3875527
"parking",2.11723623868176,41.3826866520554
"parking",2.11688262266629,41.3834847608758
"parking",2.1279242,41.385713
"parking",2.1534212,41.3870826
"parking",2.1523749,41.3931183
"parking",2.1664067,41.3911393
"parking",2.1434689,41.390136
"parking",2.18076400128011,41.4470022253817
"parking",2.11243400793647,41.3455691836476
"parking",2.11064272918731,41.3430412474671
"parking",2.1101014537653,41.3440769889343
"parking",2.11132982688904,41.3426039269044
"parking",2.10626078978827,41.3442583276137
"parking",2.1066879150796,41.3448385037437
"parking",2.10313029662345,41.3444434211132
"parking",2.10601893432956,41.3468422440279
"parking",2.13458728772406,41.357892485957
"parking",2.09117089717189,41.4279591891308
"parking",2.08848252227209,41.426768209892
"parking",2.08904941668748,41.428185060204
"parking",2.09667576726717,41.4195468034302
"parking",2.14743235048439,41.4390665013317
"parking",2.14684672856248,41.4386111354438
"parking",2.22091388551491,41.4439353391195
"parking",2.1833813,41.3894442
"parking",2.1818056,41.3901784
"parking",2.06259552752727,41.4579758228395
"parking",2.14207264778389,41.4262583036484
"parking",2.21193666567946,41.439074530393
"parking",2.22470420286239,41.455525906334
"parking",2.08864167458843,41.4269473863049
"parking",2.08899113597762,41.4272008046128
"parking",2.08929516144359,41.4272694973051
"parking",2.08938306942342,41.4273727452475
"parking",2.09409993027333,41.4334291236678
"parking",2.10111300102398,41.4166991946368
"parking",2.10017618759702,41.4197111363135
"parking",2.10175836957697,41.4195354325072
"parking",2.10734574201082,41.4179526357773
"parking",2.11241773976763,41.3288878393087
"parking",2.20992106079081,41.4415922020198
"parking",2.1967862392696,41.4409084656807
"parking",2.1335030490269,41.3484783987771
"parking",2.13151163076439,41.3506043660235
"parking",2.10065142510694,41.4184597489943
"parking",2.2262697,41.4417361
"parking",2.12035562024456,41.3794354409024
"parking",2.1233624,41.3540941
"parking",2.1267954,41.396089
"parking",2.1282692,41.3968845
"parking",2.1279768,41.4012854
"parking",2.18183699684045,41.3981784776993
"parking",2.1518437,41.4014821
"parking",2.08522972267057,41.3727836240283
"parking",2.1430411,41.3937167
"parking",2.1351084,41.3907935
"parking",2.16686252556157,41.4111147190347
"parking",2.1808418,41.398513
"parking",2.17172071010569,41.3693392825283
"parking",2.15513541528759,41.3628381579639
"parking",2.08304166440066,41.3595607731508
"parking",2.0829797018103,41.3594114989702
"parking",2.08289030378795,41.3595909506087
"parking",2.10196411754854,41.3226035188721
"parking",2.14989202141885,41.4391690934414
"parking",2.1741031376714,41.4171125494088
"parking",2.17082663527817,41.3707105402306
"parking",2.1561524,41.3772882
"parking",2.22665009184121,41.4491935722539
"parking",2.22512594273878,41.4465719618819
"parking",2.1739857,41.3789334
"parking",2.21301622867587,41.4631442847894
"parking",2.21069410387503,41.4640166017578
"parking",2.2117021660095,41.4648328415605
"parking",2.22774046495771,41.4376643217808
"parking",2.21459370173173,41.4405375419758
"parking",2.21917944330538,41.4453271588258
"parking",2.21275905131929,41.4365346052938
"parking",2.07483536286534,41.3562232760911
"parking",2.07509313560002,41.3560812236787
"parking",2.07513065221634,41.3563132277096
"parking",2.07445600059526,41.3567767601838
"parking",2.0933931088902,41.3748720048017
"parking",2.05361339268737,41.3328073728065
"parking",2.1729096,41.4300338
"parking",2.13879783435597,41.3659624024618
"parking",2.08352800572392,41.3593946163794
"parking",2.22350759558481,41.4537655846362
"parking",2.22565753856157,41.4457372368771
"parking",2.2265323477561,41.4450795568162
"parking",2.22627502445133,41.4452848665799
"parking",2.22606277393154,41.4456722186434
"parking",2.22576350001716,41.4454882475285
"parking",2.22573473860578,41.4451535318716
"parking",2.22621968128021,41.445031499309
"parking",2.22544095293594,41.4453754122707
"parking",2.2251410203669,41.4461100658549
"parking",2.22548390296942,41.4461985511787
"parking",2.22630855595834,41.447414402664
"parking",2.09376489286279,41.3497023310987
"parking",2.09096118442375,41.354265151431
"parking",2.22056331436867,41.4410101055131
"parking",2.21994971810626,41.4414305533185
"parking",2.22487189073407,41.4351870935514
"parking",2.1142634,41.3880839
"parking",2.07033450577838,41.3580708778218
"parking",2.19174495347012,41.419613499974
"parking",2.07606439691162,41.3525628598851
"parking",2.08976868475277,41.3606930303691
"parking",2.090744929415,41.3709219775801
"parking",2.08946572033845,41.3664120057816
"parking",2.1565531,41.3873794
"parking",2.07860716301348,41.3665793652653
"parking",2.05509142410905,41.3758108367589
"parking",2.09713792814086,41.3674643028975
"parking",2.09622609550834,41.3681803092068
"parking",2.09657403050136,41.3676541778569
"parking",2.10532802803842,41.3527743452572
"parking",2.10602706233158,41.3529227163754
"parking",2.10144727312741,41.3575468009586
"parking",2.11055290258164,41.3552962066356
"parking",2.11307051345047,41.3561372465099
"parking",2.11351295746904,41.354682528692
"parking",2.11369150792323,41.3571121474136
"parking",2.10977695368878,41.3528141152689
"parking",2.11367850452445,41.3542599723594
"parking",2.11387731094552,41.3567070226489
"parking",2.11158012929368,41.3549763338336
"parking",2.11409531249176,41.353433983731
"parking",2.1142468075102,41.3530135877683
"parking",2.11441621440876,41.3559175913231
"parking",2.11422415842158,41.356337097108
"parking",2.11289278008453,41.3565291189155
"parking",2.11203416308376,41.356421456466
"parking",2.1136023958677,41.3575872312112
"parking",2.11218700874468,41.3554808879103
"parking",2.11141913743531,41.355384659782
"parking",2.11389588700046,41.3538502412089
"parking",2.10555428016154,41.3502945714815
"parking",2.11102217359305,41.3519115047732
"parking",2.10854790025161,41.3536677823024
"parking",2.10584045566931,41.3517254522533
"parking",2.10673429119935,41.3476708616919
"parking",2.11083125256562,41.3529264205644
"parking",2.10644836813184,41.3510489808153
"parking",2.11222351214518,41.3505148246175
"parking",2.1105224070097,41.3548035363056
"parking",2.10740126963113,41.351737825853
"parking",2.10652961870685,41.350685463392
"parking",2.10714782346748,41.349139374634
"parking",2.10545164830685,41.3507737059629
"parking",2.11171202247585,41.3531616778536
"parking",2.10845065975877,41.3506570760567
"parking",2.10844382583359,41.3488634159199
"parking",2.1074685907268,41.3478438104331
"parking",2.10667941254209,41.3494995936468
"parking",2.10720257982136,41.3521481232383
"parking",2.10798063397021,41.3521645023672
"parking",2.10823874046447,41.3510106824997
"parking",2.10969922888844,41.3488982618259
"parking",2.10625860792993,41.3514649242275
"parking",2.11257534857719,41.3496863217709
"parking",2.10568623744456,41.3491412698129
"parking",2.10850538277541,41.348421368878
"parking",2.11241253074376,41.3500859740139
"parking",2.10974527247716,41.3546989571732
"parking",2.10731889908104,41.348728802565
"parking",2.108717117183,41.3479927933344
"parking",2.10750588986409,41.3482904377891
"parking",2.10910066149206,41.3541779071384
"parking",2.11061354930407,41.3533282798413
"parking",2.10987854001228,41.3542269769729
"parking",2.10852929559403,41.3532439925338
"parking",2.11122740325975,41.3525815053634
"parking",2.11370311517831,41.3508907451089
"parking",2.1146205899449,41.3526888009642
"parking",2.11391911478629,41.350467924166
"parking",2.13759447447993,41.3769458546605
"parking",2.22645850325975,41.443424111526
"parking",2.14862791654243,41.3587440438675
"parking",2.08295929825294,41.3591996497021
"parking",2.08267154942607,41.3593619676045
"parking",2.08252525919052,41.3594538677983
"parking",2.09075732038604,41.3665193618935
"parking",2.0839682211726,41.3597209433086
"parking",2.07962650257474,41.3583374857639
"parking",2.16225175817698,41.3795122360946
"parking",2.21801123238853,41.4429650788342
"parking",2.21851868058579,41.4432986308745
"parking",2.22004853301642,41.4419710255943
"parking",2.22200417890324,41.4418138431347
"parking",2.22102971176187,41.4422008739249
"parking",2.21678292706144,41.4429481367887
"parking",2.16605833035792,41.4143974166621
"parking",2.1610932,41.4049695
"parking",2.1639317,41.4039944
"parking",2.12658751451906,41.3407737398227
"parking",2.1446194,41.3894387
"parking",2.19501082227843,41.4277328612583
"parking",2.19629980118478,41.408944978965
"parking",2.1759309,41.3783483
"parking",2.18931338500307,41.4045452431877
"parking",2.1878293,41.3783829
"parking",2.16521952254742,41.3654007997854
"parking",2.16510680848825,41.3658848991157
"parking",2.16504644541425,41.3658056079896
"parking",2.16505825539613,41.3657250678393
"parking",2.16502807351316,41.3656383791534
"parking",2.16512172346553,41.3654998330211
"parking",2.1887498,41.4098121
"parking",2.1902037,41.404845
"parking",2.11160583120853,41.4589543728699
"parking",2.07159337727898,41.3607330984364
"parking",2.19821163739364,41.416775411416
"parking",2.20179579250419,41.4189062847786
"parking",2.19809316874165,41.4180247898683
"parking",2.19952062826218,41.4143339401683
"parking",2.2028539743532,41.4195777991311
"parking",2.20569744347458,41.418962979818
"parking",2.2081627,41.4183073
"parking",2.12741839031437,41.4193456509864
"parking",2.1561696581668,41.4527454673636
"parking",2.15989712678733,41.4646239803162
"parking",2.12139448947782,41.3323436058217
"parking",2.13960681341048,41.3803516444323
"parking",2.20776296688822,41.4351525754679
"parking",2.15201552078074,41.3678262491175
"parking",2.22106643806077,41.4161035717907
"parking",2.1860879,41.4324869
"parking",2.1662062,41.4293608
"parking",2.1031014,41.3843881
"parking",2.17084391664748,41.4448543998392
"parking",2.18564217258543,41.4639187458279
"parking",2.09720470602797,41.3855654891727
"parking",2.22011383883877,41.4208425825637
"parking",2.2234320624999,41.4185458990818
"parking",2.22055812070812,41.4191875329885
"parking",2.2102703,41.400452
"parking",2.1863057,41.3987325
"parking",2.13137892087487,41.4315289889602
"parking",2.12794756787825,41.4110673565062
"parking",2.13122643462148,41.4078930728423
"parking",2.13393058419614,41.4136615175644
"parking",2.12874551359867,41.4064834802121
"parking",2.06823938347069,41.3585877947925
"parking",2.1402956,41.4112263
"parking",2.19017849806165,41.4643636773694
"parking",2.19111073626685,41.4644893887872
"parking",2.214656,41.4220277
"parking",2.05227679061356,41.330199740192
"parking",2.06551305111917,41.449371048519
"parking",2.2165431,41.4350898
"parking",2.1385654,41.3835039
"parking",2.088251,41.3236382
"parking",2.1020572,41.3688962
"parking",2.216075,41.4204777
"parking",2.1282485,41.3870254
"parking",2.06611129013516,41.3794054616957
"parking",2.1162079648455,41.3593204870531
"parking",2.22820385479376,41.4273291850242
"parking",2.16362676227915,41.3668150569337
"parking",2.16370972886298,41.3666707991916
"parking",2.21594888911967,41.4193643888115
"parking",2.14534565234915,41.3290281989043
"parking",2.14361961111096,41.3299403480847
"parking",2.14375645551407,41.3319578916867
"parking",2.17624233067283,41.3706680145836
"parking",2.14936036834863,41.3250464326734
"parking",2.05328366775453,41.3791714147142
"parking",2.1683769,41.4084909
"parking",2.1285644,41.4032485
"parking",2.1746337,41.4108785
"parking",2.162649,41.4028473
"parking",2.19338199376025,41.4447253714999
"parking",2.16510047698306,41.3659555749921
"parking",2.2215053,41.4283439
"parking",2.154834,41.3761528
"parking",2.0650565,41.4575828
"parking",2.1741397,41.4097399
"parking",2.07379037579775,41.3711488505149
"parking",2.07366467283368,41.3707992437945
"parking",2.07419863904312,41.3712277823837
"parking",2.0723400402212,41.3702052168
"parking",2.07564256883174,41.3909320791594
"parking",2.07512984596812,41.3905756056984
"parking",2.07671957208876,41.3721258254808
"parking",2.07655028743988,41.3719180930718
"parking",2.14342180048272,41.4034557337535
"parking",2.07262301186192,41.3888996988314
"parking",2.07028761911653,41.3886911860535
"parking",2.07680826617494,41.3935918288969
"parking",2.0957648850196,41.3941779916909
"parking",2.07498115025735,41.3871926734513
"parking",2.19609188305712,41.4226949149394
"parking",2.06251283645867,41.3680543925981
"parking",2.08450067871727,41.3878470108151
"parking",2.08383876513645,41.3882550384467
"parking",2.21988516464013,41.4186666105298
"parking",2.22130836133712,41.4125859452831
"parking",2.0854417020054,41.362898929077
"parking",2.07205769776614,41.358154166863
"parking",2.07134303778068,41.3575100985514
"parking",2.07198752807698,41.3614747649958
"parking",2.0930728,41.3217522
"parking",2.16991920668868,41.4428211788142
"parking",2.19865037098615,41.3873735949064
"parking",2.07785570836863,41.3567956154414
"parking",2.06565640731852,41.3708135533343
"parking",2.09353770579223,41.3684692279051
"parking",2.1776901,41.3735268
"parking",2.1463513,41.3407006
"parking",2.1644451,41.3410674
"parking",2.1791668,41.3722598
"parking",2.1822704,41.375805
"parking",2.1551609,41.3472175
"parking",2.1747287,41.3682118
"parking",2.1874003,41.375541
"parking",2.1441696,41.3228575
"parking",2.1555226,41.3476314
"parking",2.19565319166669,41.4191808746312
"parking",2.14202652054361,41.3720152048315
"parking",2.21506157489441,41.4224151086069
"parking",2.21277822177472,41.4332085359856
"parking",2.08252264315605,41.3178622343788
"parking",2.08254037513216,41.317674526723
"parking",2.19936945553276,41.4200222841469
"parking",2.19756667178815,41.415253412186
"parking",2.0988523,41.4186728
"parking",2.1961604,41.3872241
"parking",2.1771384,41.4100132
"parking",2.1769274866284,41.3553419126318
"parking",2.17909505099013,41.3587759200824
"parking",2.20435973501638,41.4121437508605
"parking",2.15273466316116,41.4407535910108
"parking",2.15304883184883,41.4408379088007
"parking",2.13757191994013,41.4211146562353
"parking",2.22646822815889,41.413398535211
"parking",2.22550729203293,41.4136858524985
"parking",2.22690506936178,41.4148729841522
"parking",2.22830650983327,41.4147435485245
"parking",2.08539192087495,41.3613601692919
"parking",2.08346570181957,41.3646678012765
"parking",2.1104001026409,41.3859924383317
"parking",2.20065677748953,41.4394306439559
"parking",2.1725749,41.3990358
"parking",2.1752623,41.3969807
"parking",2.1783741,41.3935625
"parking",2.1513045,41.4072386
"parking",2.1559563,41.4088446
"parking",2.1782891,41.3952104
"parking",2.1321818,41.3843997
"parking",2.1757234,41.4014243
"parking",2.1735366,41.3877111
"parking",2.1748514,41.3882154
"parking",2.2065809,41.4567631
"parking",2.2183183,41.4518238
"parking",2.11414722023956,41.3306491192647
"parking",2.11407968618491,41.3297951094481
"parking",2.1534531,41.4091626
"parking",2.1697006,41.463104
"parking",2.21395726215633,41.4609263774995
"parking",2.15595853003816,41.41559540558
"parking",2.1005333,41.3734582
"parking",2.1712118,41.3912254
"parking",2.1525469,41.3972474
"parking",2.19909242712175,41.4597796599097
"parking",2.1327133,41.4122062
"parking",2.21504717897731,41.4501305837051
"parking",2.21195649591174,41.434578309199
"parking",2.21217990093279,41.4414525230269
"parking",2.21192601402222,41.4418572561811
"parking",2.19668962722732,41.4589605488943
"parking",2.20994187743251,41.4616561292817
"parking",2.1345033,41.3677228
"parking",2.15660672432846,41.3507163145688
"parking",2.15667829567541,41.350002457804
"parking",2.1501243907576,41.3464878798677
"parking",2.1783232,41.3917815
"parking",2.13989,41.3778069
"parking",2.1348171,41.3757813
"parking",2.142285,41.3790751
"parking",2.0779272,41.3475299
"parking",2.0773952,41.3555285
"parking",2.0588067041058,41.3600316238209
"parking",2.05922972442669,41.3593131196924
"parking",2.06038228409864,41.3795227700063
"parking",2.05687674540284,41.379903194285
"parking",2.16475039042774,41.4194883228149
"parking",2.05305176174819,41.3330326309016
"parking",2.05240863711768,41.333328993846
"parking",2.14294668840116,41.4073254708184
"parking",2.1880358,41.4305225
"parking",2.11857239945813,41.420087211842
"parking",2.1699735,41.3923677
"parking",2.1687066,41.3917487
"parking",2.206697008472,41.460102513774
"parking",2.05672887762028,41.3643748800915
"parking",2.1250719,41.4104338
"parking",2.1857395,41.3992977
"parking",2.1846642,41.4001177
"parking",2.1852332,41.3997089
"parking",2.1862726,41.3989361
"parking",2.1842747,41.3950513
"parking",2.1838825,41.3953479
"parking",2.2196653,41.4064914
"parking",2.2200456,41.406734
"parking",2.16010121401004,41.464576311218
"parking",2.0691949894874,41.3589935539433
"parking",2.1748838,41.3926892
"parking",2.13799863564943,41.3854583176742
"parking",2.1808214,41.4023463
"parking",2.13097144237025,41.4136692854182
"parking",2.13024118503893,41.4134095426485
"parking",2.19500103451319,41.4579081911669
"parking",2.1827189,41.385913
"parking",2.14149826249539,41.4370728506973
"parking",2.06962162884728,41.3474589607992
"parking",2.1616532,41.3790705
"parking",2.1701713,41.3815875
"parking",2.11298590001859,41.3960278509793
"parking",2.1543713,41.3800321
"parking",2.1615974,41.4020354
"parking",2.15300135229429,41.3993250810216
"parking",2.19786624211803,41.4229786443975
"parking",2.19806045706664,41.4234985901983
"parking",2.1393424,41.3981015
"parking",2.1438849,41.3745857
"parking",2.1771367,41.3897391
"parking",2.1555759,41.3961523
"parking",2.1563997,41.3998341
"parking",2.2006018,41.4062598
"parking",2.21655383098636,41.4551656541483
"parking",2.21259625314035,41.4539128692533
"parking",2.1658275,41.3745624
"parking",2.1571697,41.3857144
"parking",2.1483285,41.3954502
"parking",2.2164339,41.4394359
"parking",2.1580689,41.3868573
"parking",2.1919905,41.4344665
"parking",2.11237660205626,41.3515155413192
"parking",2.1841734,41.4102302
"parking",2.1699196,41.3793361
"parking",2.163392,41.4106392
"parking",2.1413185,41.4473028
"parking",2.1593687,41.3844955
"parking",2.14756672291319,41.4450645937419
"parking",2.15236064880626,41.4418785478766
"parking",2.17548927261503,41.3532229839788
"parking",2.1821207583809,41.3634129974586
"parking",2.1785390778625,41.3578536959139
"parking",2.1736148,41.4006159
"parking",2.15844830513629,41.3633024043659
"parking",2.1583166,41.3938419
"parking",2.157123,41.391264
"parking",2.14253223347055,41.3303379757174
"parking",2.1499932,41.3927188
"parking",2.15802876478612,41.3303997364954
"parking",2.15928405320438,41.329459263972
"parking",2.15880438690806,41.3302042768209
"parking",2.15962646628549,41.3302394609179
"parking",2.14187365832227,41.370714211693
"parking",2.05567290631731,41.379512362847
"parking",2.0738733,41.3782838
"parking",2.1962372,41.4196327
"parking",2.10862748652015,41.3277376405293
"parking",2.10880734759445,41.3278495255913
"parking",2.1568937,41.3948101
"parking",2.1556941,41.3944371
"parking",2.07990826665675,41.3694141421888
"parking",2.1427147,41.4052215
"parking",2.1387579,41.4058558
"parking",2.17113,41.4032285
"parking",2.1419356,41.4009281
"parking",2.21825316871197,41.430543428127
"parking",2.20676431830713,41.4394419030397
"parking",2.15472532023377,41.4283434932017
"parking",2.1458536,41.3958894
"parking",2.19038963331832,41.4214397667948
"parking",2.17660363303714,41.4019435989796
"parking",2.1605534,41.4308728
"parking",2.1537884,41.3894374
"parking",2.134171,41.3856613
"parking",2.18899829093935,41.4282335936906
"parking",2.20599466466009,41.4326207630267
"parking",2.20136550428329,41.4349064440107
"parking",2.20417592451852,41.4340387761032
"parking",2.14217814984648,41.3365230496947
"parking",2.14197325683511,41.3365193890243
"parking",2.14175634155948,41.3365941624899
"parking",2.14161605455008,41.3366423485337
"parking",2.1452143,41.3783276
"parking",2.14983366434947,41.4029124402327
"parking",2.13471557207265,41.4141173692352
"parking",2.0989098,41.3767086
"parking",2.10325405047063,41.3652922375361
"parking",2.0960021351806,41.3708477363636
"parking",2.1845747,41.4238308
"parking",2.1382154,41.3811763
"parking",2.2200059,41.4245546
"parking",2.2217839,41.4232008
"parking",2.12851780506701,41.3932111869899
"parking",2.1274087559366,41.3187113673593
"parking",2.14054633129695,41.3398780383011
"parking",2.1465626,41.3887024
"parking",2.12193092941597,41.4014129420996
"parking",2.17879458919035,41.4630576656379
"parking",2.17913619733429,41.4629937217778
"parking",2.17903892349154,41.4627257870288
"parking",2.17337924603231,41.375446599006
"parking",2.22146474359615,41.4656262721541
"parking",2.1725615155323,41.4273372855626
"parking",2.1530828961286,41.3678840378876
"parking",2.15290620957096,41.3678208478203
"parking",2.15297474208598,41.3678453400529
"parking",2.2166692347239,41.4550268292052
"parking",2.10021300689203,41.3826144109348
"parking",2.1412437,41.3353385
"parking",2.1414737,41.3352589
"parking",2.21863713064134,41.4196287491826
"parking",2.12659,41.3862911
"parking",2.12839888308217,41.3762262144297
"parking",2.19888965255441,41.4253405856864
"parking",2.1999293918634,41.4254797105082
"parking",2.1441192,41.4007059
"parking",2.18610334937396,41.4326402956701
"parking",2.15692568352525,41.3695297451746
"parking",2.20540581968319,41.4184617224509
"parking",2.20647933556184,41.4183269285368
"parking",2.20562125478048,41.4176829200504
"parking",2.19888418619632,41.4141378402034
"parking",2.19538340266128,41.4100123297511
"parking",2.19640963693516,41.4107822893366
"parking",2.19876164346256,41.4125442986145
"parking",2.19732917082069,41.4114719567186
"parking",2.19761336253214,41.4044010425922
"parking",2.1594933,41.383687
"parking",2.1885983,41.4071043
"parking",2.05308208056071,41.3789718853171
"parking",2.05562695436684,41.37918823315
"parking",2.1718908,41.4123556
"parking",2.1482377,41.4319751
"parking",2.1403352,41.4150818
"parking",2.19915,41.39378
"parking",2.142484,41.383072
"parking",2.12881,41.38992
"parking",2.15942,41.397
"parking",2.1713221,41.3894358
"parking",2.17988,41.3909
"parking",2.1668721,41.3907599
"parking",2.16246,41.3794
"parking",2.12332,41.39977
"parking",2.1774604,41.4421623
"parking",2.1858617,41.4129445
"parking",2.0872138,41.3253169
"parking",2.1603708,41.3992804
"parking",2.1604459,41.3987922
"parking",2.1650186,41.4428862
"parking",2.14267177039748,41.4266005883688
"parking",2.1756185,41.4596253
"parking",2.17058,41.4014
"parking",2.16696,41.3956
"parking",2.2156438,41.4187881
"parking",2.1883873,41.4102662
"parking",2.11983144651985,41.3659859404056
"parking",2.12509902523814,41.3676057491737
"parking",2.15006278359351,41.4287376009385
"parking",2.15060780117986,41.4287928400346
"parking",2.13095034121985,41.4315253291213
"parking",2.13058518455764,41.4296926725223
"parking",2.1385560890747,41.4260460464982
"parking",2.16967418533456,41.4402092206527
"parking",2.14156920573448,41.4245074994727
"parking",2.14181282744696,41.4253878897852
"parking",2.13949201547834,41.4299957114049
"parking",2.12098573121619,41.4669162820077
"parking",2.12207930747195,41.4671732011891
"parking",2.12176143466684,41.467531440618
"parking",2.12236307465336,41.4669782553881
"parking",2.12239321508422,41.4666812512155
"parking",2.12113035005723,41.4679993477949
"parking",2.11973782328183,41.4679783693381
"parking",2.05178896221181,41.3737849966565
"parking",2.1121165781533,41.360835320538
"parking",2.173564,41.4164646
"parking",2.09252575645247,41.3316843883711
"parking",2.1427268,41.4241291
"parking",2.19111457683869,41.4543833393167
"parking",2.14293642416678,41.3532486121328
"parking",2.1995917,41.4058872
"parking",2.1691384,41.4050998
"parking",2.10108407958419,41.3320878983244
"parking",2.1378739,41.3844893
"parking",2.1412146,41.4004474
"parking",2.1397126,41.4078535
"parking",2.1646518,41.4023164
"parking",2.1699304,41.3739638
"parking",2.1699639,41.3737331
"parking",2.1388435406768,41.3800816523219
"parking",2.10474357979155,41.3470201968917
"parking",2.1886805,41.4250008
"parking",2.1876395,41.4249099
"parking",2.12655868284362,41.3681506701594
"parking",2.1277214713597,41.3682667739608
"parking",2.11878551988546,41.3665163900871
"parking",2.0760034,41.3540758
"parking",2.1489207,41.3955576
"parking",2.13617344043651,41.3674633224627
"parking",2.15575295280885,41.4410590586767
"parking",2.21407803264065,41.4291141706241
"parking",2.12937490185396,41.3665658484956
"parking",2.2076233,41.4191853
"parking",2.2172272,41.4091358
"parking",2.2180707,41.4095839
"parking",2.13903,41.3565457
"parking",2.10920739870652,41.3430769830878
"parking",2.1809457,41.421732
"parking",2.11440721901714,41.3459379807713
"parking",2.20325933131778,41.4303753498696
"parking",2.19944213082012,41.4352722304751
"parking",2.19856284798141,41.4456561189625
"parking",2.19839676358687,41.4437545554899
"parking",2.19659318814722,41.4321877235524
"parking",2.1290413,41.3737058
"parking",2.1218692,41.3762788
"parking",2.12300179463434,41.4126134002659
"parking",2.13025153463022,41.4064863567811
"parking",2.13102908388607,41.4066483997965
"parking",2.12231760095528,41.4035521681837
"parking",2.12327213644472,41.3646583246968
"parking",2.11043113625963,41.3951906515145
"parking",2.17780844548275,41.4504121185218
"parking",2.07862983855346,41.3836091120252
"parking",2.08093655397768,41.3762032991781
"parking",2.09523836833376,41.3672888787739
"parking",2.17488665168954,41.4534561188039
"parking",2.22341322012105,41.4378321884546
"parking",2.12298164232892,41.3588212295763
"parking",2.1808449,41.4006694
"parking",2.1805094,41.4004191
"parking",2.11978909717642,41.3636015189593
"parking",2.1841249369791,41.3947331141581
"parking",2.20198034430341,41.4265941076916
"parking",2.07595137916843,41.3543895456545
"parking",2.07584484429624,41.354392948027
"parking",2.06868403178089,41.3478755560361
"parking",2.08868360396158,41.3604073963541
"parking",2.07096450452887,41.3497075220636
"parking",2.1210643,41.4251608
"parking",2.18467716817486,41.4665306778191
"parking",2.18665921250626,41.4654048577708
"parking",2.18656618836463,41.4658287397677
"parking",2.06394926192924,41.4497604337075
"parking",2.11978007716985,41.4172650723124
"parking",2.1563696,41.3891965
"parking",2.11559319454939,41.3505839648297
"parking",2.1554942,41.3902511
"parking",2.1558139,41.3904629
"parking",2.1578147,41.3896348
"parking",2.1504123,41.3833205
"parking",2.12249031358269,41.3338051917142
"parking",2.1580128,41.4264585
"parking",2.11989662096072,41.3643037696012
"parking",2.225338,41.4585196
"parking",2.11574527696111,41.3681942839615
"parking",2.11449361063879,41.3684066158324
"parking",2.11463442161786,41.3676367673678
"parking",2.11215842219968,41.3667852584817
"parking",2.11245794700949,41.365358660543
"parking",2.10173894523708,41.3478027518408
"parking",2.11492339192277,41.3700522525944
"parking",2.11645441726775,41.367495545839
"parking",2.10963108587871,41.3652735873903
"parking",2.11360675060812,41.3634663951661
"parking",2.10552648833716,41.3657720198658
"parking",2.11029389663792,41.3654853369177
"parking",2.10987655274781,41.3645968884574
"parking",2.1639409,41.3916889
"parking",2.13417158132065,41.4164771100055
"parking",2.1520997,41.3967736
"parking",2.1662036,41.4426588
"parking",2.1147536,41.3943056
"parking",2.12157829782205,41.4427267826521
"parking",2.12602579348921,41.4315606161516
"parking",2.1497003,41.3963268
"parking",2.19213413943939,41.4247244224423
"parking",2.12338725872753,41.4270643947334
"parking",2.0677062,41.4379548
"parking",2.07256156241425,41.3785892178955
"parking",2.07280349407112,41.3779226782461
"parking",2.07645789293562,41.3770499893361
"parking",2.1698811,41.4029071
"parking",2.1520991,41.396619
"parking",2.1518689,41.4066828
"parking",2.16637296543947,41.4036618394739
"parking",2.17826985198689,41.4457160161848
"parking",2.15139252824204,41.4236741312894
"parking",2.05655431433688,41.3827888335785
"parking",2.17455579770947,41.4445810319204
"parking",2.1826591,41.3628746
"parking",2.1821428,41.3620506
"parking",2.1040526,41.4137571
"parking",2.05334229510001,41.3891634917194
"parking",2.1854705,41.4289794
"parking",2.17844566963592,41.4518435689715
"parking",2.07753978205427,41.350692226895
"parking",2.1506971566688,41.3969790036486
"parking",2.2172673,41.4424795
"parking",2.2245414,41.4418763
"parking",2.212624,41.4380173
"parking",2.1370531700959,41.4282198569202
"parking",2.14970508756317,41.3961013430871
"parking",2.1579905,41.4026731
"parking",2.1722806,41.3808997
"parking",2.15362591454382,41.3975086910049
"parking",2.10930632271872,41.3501320103193
"parking",2.08737763572606,41.3592856476739
"parking",2.15246952868559,41.3978968560917
"parking",2.15271392950684,41.3980586514883
"parking",2.17880872053083,41.432780180491
"parking",2.17903646818871,41.4328701212643
"parking",2.09405477633543,41.3938445926511
"parking",2.09392255861614,41.394108999018
"parking",2.09360033620696,41.3937675772485
"parking",2.09380155675776,41.3936276848788
"parking",2.09277425317611,41.3931003562155
"parking",2.15125848018276,41.3970947004802
"parking",2.15294047102807,41.3983351962733
"parking",2.1385635,41.3571163
"parking",2.17912795517498,41.4334289402102
"parking",2.15047405967018,41.3974244020996
"parking",2.15052528108077,41.3973225948167
"parking",2.15066606320234,41.3970423984282
"parking",2.149643051495,41.3974250962523
"parking",2.14975830182321,41.397490608506
"parking",2.1563901,41.3954962
"parking",2.15110910261688,41.3965958616814
"parking",2.15137204843931,41.3964055979922
"parking",2.0966803184914,41.336785975736
"parking",2.0807522,41.3666309
"parking",2.0971056,41.3765964
"parking",2.14956700090033,41.3956852528418
"parking",2.14987305585201,41.3954535529944
"parking",2.15038730611705,41.3950618966425
"parking",2.15073305552261,41.3958009033565
"parking",2.13889958103522,41.4236110692043
"parking",2.21877079715925,41.4425200297272
"parking",2.0658145,41.3581148
"parking",2.2172114,41.4322528
"parking",2.2213399,41.4282501
"parking",2.15650026281787,41.4136585652265
"parking",2.15657687396816,41.4135173505515
"parking",2.15252005674729,41.3980415436939
"parking",2.15336860517355,41.394822992262
"parking",2.15442806750621,41.3950918479329
"parking",2.1280135,41.3816787
"parking",2.1281879,41.3835701
"parking",2.1268462,41.385224
"parking",2.1290289,41.3925655
"parking",2.1060641,41.3443053
"parking",2.1137951,41.3712096
"parking",2.15216180551378,41.3945174921715
"parking",2.15365107293912,41.436785029379
"parking",2.14457274765478,41.4258816171379
"parking",2.1069751,41.37459
"parking",2.1351724,41.385068
"parking",2.1817035,41.4066162
"parking",2.15229499859592,41.3985280829694
"parking",2.15258087634443,41.3983444622177
"parking",2.15263528467338,41.398309598317
"parking",2.1543876,41.3971013
"parking",2.12141736880879,41.3382584574216
"parking",2.15199846051045,41.3987193499911
"parking",2.15213593757238,41.3986307494042
"parking",2.15158454741928,41.3989888403123
"parking",2.15138466893248,41.3991163526376
"parking",2.1514305208997,41.3990866327668
"parking",2.1190335,41.3935837
"parking",2.1487113649085,41.3964436517716
"parking",2.14848464732334,41.3966612556537
"parking",2.13280056281883,41.4259480973647
"parking",2.20248479839155,41.391282603521
"parking",2.20243559918696,41.3913694521859
"parking",2.20648266108992,41.3948593073437
"parking",2.2063913762861,41.3949296591375
"parking",2.14860715339113,41.3966898464179
"parking",2.14876179316828,41.3965423409439
"parking",2.14888683588125,41.3964233680673
"parking",2.14885252068245,41.3964558189941
"parking",2.15512517724838,41.3955746281578
"parking",2.0868686,41.3251409
"parking",2.15427318562782,41.3963237535839
"parking",2.15422019959936,41.396289704742
"parking",2.13135315783416,41.4161637764707
"parking",2.13088007533733,41.4163172589796
"parking",2.21184326184706,41.4088812924957
"parking",2.15623714170821,41.3943232315209
"parking",2.1328121,41.3750594
"parking",2.15451110624339,41.4295935232687
"parking",2.15522430135107,41.4297830154066
"parking",2.1555932804142,41.4295973158135
